iter	Passed	Remaining
0	8262	8253921
1	16938	8452305
2	25380	8434902
3	39555	9849379
4	56566	11256651
5	72676	12040049
6	94844	13454302
7	117171	14529297
8	138211	15218652
9	152721	15119388
10	169770	15263925
11	194094	15980410
12	207652	15765624
13	219529	15461175
14	232287	15253527
15	245417	15093145
16	258526	14948938
17	272728	14878852
18	284635	14696154
19	298471	14625125
20	311424	14518305
21	329212	14635008
22	339287	14412358
23	350225	14242497
24	359556	14022700
25	368342	13798689
26	376783	13578145
27	384996	13364865
28	394437	13206846
29	403747	13054488
30	419085	13099796
31	432522	13083817
32	441896	12948895
33	450147	12789486
34	459435	12667289
35	469368	12568634
36	478671	12458409
37	486954	12327642
38	495350	12205948
39	503732	12089580
40	512181	11980047
41	521142	11887016
42	529852	11792305
43	538078	11690972
44	546874	11605890
45	555141	11513159
46	562960	11414917
47	571101	11326852
48	578898	11235360
49	586958	11152203
50	596677	11102886
51	605953	11047001
52	614073	10972216
53	622228	10900519
54	630568	10834305
55	638957	10770989
56	647898	10718735
57	656396	10660786
58	664599	10599803
59	672658	10538314
60	681179	10485691
61	689715	10434731
62	697586	10375213
63	705567	10318917
64	713842	10268343
65	721955	10216766
66	730358	10170520
67	738721	10124829
68	746657	10074469
69	754631	10025824
70	766252	10026036
71	778421	10032988
72	788443	10012155
73	797915	9984726
74	806499	9946822
75	815535	9915193
76	824181	9879479
77	832265	9837799
78	840460	9798278
79	848678	9759799
80	857978	9734350
81	866513	9700720
82	874426	9660828
83	882376	9622104
84	890401	9584906
85	898806	9552428
86	906871	9516943
87	914706	9479689
88	922401	9441657
89	930280	9406168
90	937894	9368642
91	945663	9333287
92	953636	9300520
93	961803	9270145
94	970241	9242823
95	978067	9210139
96	985449	9173823
97	992858	9138352
98	1000558	9106088
99	1009397	9084577
100	1018321	9064069
101	1026423	9036553
102	1034360	9007975
103	1042373	8980447
104	1050611	8955212
105	1058555	8927817
106	1066968	8904700
107	1075426	8882222
108	1084318	8863554
109	1092852	8842167
110	1101853	8824753
111	1110167	8802044
112	1118089	8776508
113	1126136	8752255
114	1134233	8728662
115	1142292	8705058
116	1150251	8680958
117	1158778	8661376
118	1166958	8639412
119	1174716	8614591
120	1183043	8594177
121	1191279	8573306
122	1199390	8551749
123	1207781	8532391
124	1216434	8515039
125	1224915	8496635
126	1232549	8472563
127	1240205	8448899
128	1248270	8428245
129	1261153	8440029
130	1272091	8438530
131	1280344	8419236
132	1288684	8400672
133	1296512	8378954
134	1304142	8356172
135	1311831	8333990
136	1319586	8312432
137	1327947	8294863
138	1335333	8271383
139	1342677	8247874
140	1352963	8242522
141	1364811	8246534
142	1378221	8259689
143	1387020	8245065
144	1395111	8226345
145	1403053	8206901
146	1410556	8185066
147	1417606	8160813
148	1424721	8137169
149	1432196	8115781
150	1439213	8092001
151	1447228	8074013
152	1455153	8055653
153	1462508	8034298
154	1470534	8016782
155	1478367	7998346
156	1485973	7978826
157	1493485	7958953
158	1500827	7938340
159	1508429	7919252
160	1516457	7902534
161	1524923	7888182
162	1532936	7871583
163	1541188	7856301
164	1548691	7837316
165	1556292	7818964
166	1564432	7803426
167	1572229	7786280
168	1579573	7767013
169	1587739	7751903
170	1596065	7737651
171	1603751	7720384
172	1610823	7700296
173	1617799	7679899
174	1624986	7660649
175	1631892	7640223
176	1639353	7622531
177	1647398	7607648
178	1654432	7588206
179	1661949	7571105
180	1670240	7557608
181	1678753	7545165
182	1686725	7530354
183	1694722	7515728
184	1702248	7499093
185	1709351	7480711
186	1716405	7462234
187	1723698	7444911
188	1731468	7429738
189	1739244	7414673
190	1746919	7399256
191	1754599	7383937
192	1762536	7369777
193	1769701	7352469
194	1776909	7335447
195	1783962	7317887
196	1791608	7302849
197	1799572	7289178
198	1807653	7276030
199	1815871	7263484
200	1825498	7256584
201	1834360	7246631
202	1842540	7234013
203	1850248	7219596
204	1858048	7205601
205	1867766	7199061
206	1876989	7190592
207	1888673	7191487
208	1901144	7195241
209	1909716	7184171
210	1918715	7174721
211	1927331	7163853
212	1935850	7152650
213	1943620	7138716
214	1951531	7125358
215	1959769	7113235
216	1967927	7100863
217	1976168	7088825
218	1984327	7076530
219	1991953	7062380
220	1999725	7048806
221	2007397	7034932
222	2015151	7021403
223	2021917	7004499
224	2029002	6988786
225	2036033	6972965
226	2042966	6956886
227	2049809	6940583
228	2057111	6925908
229	2065066	6913484
230	2072411	6899067
231	2079673	6884435
232	2087498	6871722
233	2095724	6860363
234	2103882	6848810
235	2111886	6836785
236	2120367	6826329
237	2128177	6813743
238	2134636	6796896
239	2142813	6785576
240	2155813	6789469
241	2164556	6779891
242	2172394	6767500
243	2180672	6756508
244	2189361	6746808
245	2196649	6732819
246	2204617	6720958
247	2212584	6709128
248	2221216	6699331
249	2229612	6688836
250	2237438	6676660
251	2244150	6661209
252	2255555	6659684
253	2263728	6648588
254	2272025	6637877
255	2282101	6632357
256	2291810	6625738
257	2299471	6613207
258	2306794	6599748
259	2314625	6587779
260	2322209	6575144
261	2329736	6562386
262	2337834	6551270
263	2347368	6544178
264	2355643	6533577
265	2366004	6528748
266	2376235	6523522
267	2384607	6513181
268	2392565	6501729
269	2399421	6487325
270	2406210	6472796
271	2412958	6458212
272	2420854	6446745
273	2428975	6435899
274	2436534	6423591
275	2444609	6412671
276	2452480	6401239
277	2460221	6389496
278	2468838	6380044
279	2476639	6368502
280	2483932	6355684
281	2491454	6343491
282	2499129	6331717
283	2507000	6320465
284	2514255	6307694
285	2521108	6293954
286	2528817	6282392
287	2535955	6269445
288	2546384	6264634
289	2555733	6257139
290	2564718	6248748
291	2573179	6239079
292	2580872	6227565
293	2588969	6217049
294	2600854	6215600
295	2611831	6211922
296	2621594	6205321
297	2630632	6196994
298	2639590	6188471
299	2647168	6176725
300	2654668	6164827
301	2662754	6154313
302	2671633	6145638
303	2681714	6139714
