Isolation Forest (PCA),Isolation Forest (Stats),Mahalanobis Distance,Combined (≥2 methods),row_index
False,False,False,False,ACH-001113
True,False,False,False,ACH-001289
False,False,False,False,ACH-001339
False,False,False,False,ACH-001979
False,False,False,False,ACH-002438
False,False,False,False,ACH-001538
False,False,False,False,ACH-000242
False,False,False,False,ACH-000708
True,False,False,False,ACH-000327
False,False,False,False,ACH-000233
False,False,False,False,ACH-000461
False,False,False,False,ACH-000705
False,False,False,False,ACH-001794
False,False,False,False,ACH-002023
False,False,False,False,ACH-000528
False,False,False,False,ACH-002501
False,False,False,False,ACH-001655
False,False,False,False,ACH-000167
False,False,False,False,ACH-000792
False,False,False,False,ACH-001098
False,False,False,False,ACH-000570
False,False,False,False,ACH-000351
False,False,False,False,ACH-002075
False,False,False,False,ACH-002040
False,False,False,False,ACH-000769
False,False,False,False,ACH-000154
False,False,False,False,ACH-000828
False,False,False,False,ACH-000421
False,False,False,False,ACH-000765
False,False,False,False,ACH-001375
False,False,False,False,ACH-000008
False,False,False,False,ACH-001814
False,False,False,False,ACH-000800
False,False,False,False,ACH-000606
False,False,False,False,ACH-000317
False,True,False,False,ACH-001492
False,False,False,False,ACH-000123
False,False,False,False,ACH-000723
False,False,False,False,ACH-002066
False,False,False,False,ACH-001536
False,False,False,False,ACH-003136
False,False,False,False,ACH-000313
False,False,False,False,ACH-002019
False,False,False,False,ACH-000728
False,False,False,False,ACH-000700
False,False,False,False,ACH-000823
False,False,False,False,ACH-000678
False,False,False,False,ACH-000006
False,False,False,False,ACH-002790
False,False,False,False,ACH-002029
False,False,False,False,ACH-001377
True,False,False,False,ACH-000754
False,False,False,False,ACH-000465
False,False,False,False,ACH-000138
False,False,False,False,ACH-001864
False,False,False,False,ACH-000383
False,False,False,False,ACH-001547
False,False,False,False,ACH-000917
False,False,False,False,ACH-002471
False,True,False,False,ACH-000984
False,False,False,False,ACH-002678
False,False,False,False,ACH-001409
False,True,False,False,ACH-001707
False,False,False,False,ACH-000117
False,False,False,False,ACH-000999
True,False,False,False,ACH-000633
False,False,False,False,ACH-000520
False,False,False,False,ACH-000176
False,False,False,False,ACH-000017
False,False,False,False,ACH-000020
False,False,False,False,ACH-001385
False,False,False,False,ACH-000587
False,False,False,False,ACH-000785
False,False,False,False,ACH-003469
False,False,False,False,ACH-000554
False,False,False,False,ACH-003180
False,False,False,False,ACH-001398
False,False,False,False,ACH-001991
False,False,False,False,ACH-001332
False,False,False,False,ACH-000585
False,False,False,False,ACH-000550
False,False,False,False,ACH-000627
False,False,False,False,ACH-000704
False,False,False,False,ACH-000276
False,False,False,False,ACH-000075
False,False,False,False,ACH-000818
False,False,False,False,ACH-003184
False,False,False,False,ACH-001616
False,False,False,False,ACH-000625
False,False,False,False,ACH-000941
False,False,False,False,ACH-000392
False,False,False,False,ACH-000269
False,False,False,False,ACH-001670
False,False,False,False,ACH-003133
False,False,False,False,ACH-000856
False,False,False,False,ACH-002687
True,True,False,True,ACH-001119
False,False,False,False,ACH-003132
False,False,False,False,ACH-000376
False,False,False,False,ACH-000685
False,False,False,False,ACH-000729
False,False,False,False,ACH-001034
False,False,False,False,ACH-001283
False,False,False,False,ACH-000880
False,False,False,False,ACH-000035
True,False,False,False,ACH-001200
False,False,False,False,ACH-000194
False,False,False,False,ACH-000322
False,False,False,False,ACH-000552
False,False,False,False,ACH-002508
False,False,False,False,ACH-000222
False,False,False,False,ACH-000260
False,False,False,False,ACH-001652
True,False,False,False,ACH-000608
False,False,False,False,ACH-000501
False,False,False,False,ACH-000612
False,False,False,False,ACH-002033
False,False,False,False,ACH-001184
False,True,False,False,ACH-001688
False,False,False,False,ACH-001838
False,False,False,False,ACH-000638
False,False,False,False,ACH-001846
False,False,False,False,ACH-000798
False,True,False,False,ACH-001321
False,False,False,False,ACH-000894
False,False,False,False,ACH-001559
False,False,False,False,ACH-000344
False,False,False,False,ACH-000223
False,False,False,False,ACH-000031
False,False,False,False,ACH-000034
False,False,False,False,ACH-001861
False,False,False,False,ACH-003468
True,False,False,False,ACH-000772
False,False,False,False,ACH-000946
False,False,False,False,ACH-000596
False,True,False,False,ACH-001046
False,False,False,False,ACH-000632
False,False,False,False,ACH-000978
False,False,False,False,ACH-000332
False,False,False,False,ACH-001841
True,False,False,False,ACH-003273
False,False,False,False,ACH-000179
False,False,False,False,ACH-000887
False,False,False,False,ACH-000368
False,False,False,False,ACH-000240
False,False,False,False,ACH-000578
False,False,False,False,ACH-001611
False,False,False,False,ACH-000135
False,False,False,False,ACH-001671
False,False,False,False,ACH-000406
False,False,False,False,ACH-001541
False,False,False,False,ACH-000998
False,False,False,False,ACH-000441
False,False,False,False,ACH-000960
False,False,False,False,ACH-000098
False,False,False,False,ACH-001651
False,True,False,False,ACH-001456
False,False,False,False,ACH-001336
False,False,False,False,ACH-000284
False,False,False,False,ACH-000971
False,False,False,False,ACH-001454
False,False,False,False,ACH-000926
False,False,False,False,ACH-000033
False,False,False,False,ACH-000576
False,False,False,False,ACH-000019
False,True,False,False,ACH-001577
False,False,False,False,ACH-001981
False,False,False,False,ACH-000330
False,False,False,False,ACH-000848
False,False,False,False,ACH-000481
False,False,False,False,ACH-001517
False,False,False,False,ACH-000338
False,False,False,False,ACH-001959
False,False,False,False,ACH-001414
False,False,False,False,ACH-001227
False,False,False,False,ACH-000871
False,False,False,False,ACH-001403
False,False,False,False,ACH-000805
False,False,False,False,ACH-001142
False,False,False,False,ACH-001554
False,False,False,False,ACH-001667
False,False,False,False,ACH-000847
False,False,False,False,ACH-001447
False,False,False,False,ACH-001537
False,False,False,False,ACH-001207
False,False,False,False,ACH-001854
False,False,False,False,ACH-000832
False,False,False,False,ACH-001975
False,False,False,False,ACH-000428
False,False,False,False,ACH-001382
False,False,False,False,ACH-001302
False,False,False,False,ACH-000690
True,True,False,True,ACH-001134
False,False,False,False,ACH-000914
False,False,False,False,ACH-000858
False,False,False,False,ACH-001421
False,False,False,False,ACH-002796
False,False,False,False,ACH-003183
False,False,False,False,ACH-002716
False,True,False,False,ACH-003100
False,True,False,False,ACH-000544
False,False,False,False,ACH-000725
False,False,False,False,ACH-000566
False,False,False,False,ACH-000760
False,False,False,False,ACH-001745
False,False,False,False,ACH-000787
False,False,False,False,ACH-001598
False,False,False,False,ACH-000749
False,False,False,False,ACH-001691
False,False,False,False,ACH-001328
False,False,False,False,ACH-001704
False,False,False,False,ACH-001502
False,False,False,False,ACH-002844
False,True,False,False,ACH-001068
False,False,False,False,ACH-000358
False,False,False,False,ACH-002695
False,False,False,False,ACH-001672
False,False,False,False,ACH-001654
False,False,False,False,ACH-001521
False,False,False,False,ACH-000209
False,True,False,False,ACH-001520
False,False,False,False,ACH-000213
False,False,False,False,ACH-001610
False,False,False,False,ACH-001408
False,False,False,False,ACH-000991
False,False,False,False,ACH-001412
False,False,False,False,ACH-000331
False,False,False,False,ACH-001407
False,False,False,False,ACH-000580
False,True,False,False,ACH-000594
False,False,False,False,ACH-000684
False,False,False,False,ACH-000742
False,False,False,False,ACH-000868
False,False,False,False,ACH-000732
False,False,False,False,ACH-001481
False,False,False,False,ACH-000429
False,False,False,False,ACH-000310
False,False,False,False,ACH-002475
False,False,False,False,ACH-000643
False,False,False,False,ACH-000234
True,False,False,False,ACH-003267
False,True,False,False,ACH-001498
False,False,False,False,ACH-000896
False,False,False,False,ACH-003451
False,False,False,False,ACH-000203
False,False,False,False,ACH-001607
False,False,False,False,ACH-002706
False,False,False,False,ACH-001441
False,False,False,False,ACH-000112
False,True,False,False,ACH-000874
False,False,False,False,ACH-000186
True,False,False,False,ACH-002780
False,False,False,False,ACH-000677
False,False,False,False,ACH-000055
False,False,False,False,ACH-000485
False,False,False,False,ACH-000672
False,False,False,False,ACH-001150
False,False,False,False,ACH-000287
False,False,False,False,ACH-000784
False,False,False,False,ACH-000530
False,False,False,False,ACH-002024
False,False,False,False,ACH-000380
False,False,False,False,ACH-001737
False,True,False,False,ACH-001400
False,False,False,False,ACH-001054
False,False,False,False,ACH-001695
False,False,False,False,ACH-000009
False,False,False,False,ACH-000491
False,True,False,False,ACH-001703
False,True,False,False,ACH-000002
False,True,False,False,ACH-001568
False,True,False,False,ACH-001449
False,False,False,False,ACH-000993
False,False,False,False,ACH-002680
False,False,False,False,ACH-000877
False,False,False,False,ACH-000711
False,False,False,False,ACH-001515
False,False,False,False,ACH-002847
False,False,False,False,ACH-000702
False,False,False,False,ACH-001020
False,False,False,False,ACH-000600
True,False,False,False,ACH-003266
False,False,False,False,ACH-000354
False,False,False,False,ACH-000012
False,False,False,False,ACH-000689
False,False,False,False,ACH-002668
False,False,False,False,ACH-002533
False,False,False,False,ACH-000459
False,False,False,False,ACH-002050
False,False,False,False,ACH-003120
False,False,False,False,ACH-001413
False,False,False,False,ACH-000686
False,False,False,False,ACH-000342
False,False,False,False,ACH-000208
False,False,False,False,ACH-000360
False,False,False,False,ACH-000249
True,False,False,False,ACH-001368
False,False,False,False,ACH-000231
False,False,False,False,ACH-002074
False,False,False,False,ACH-000945
False,False,False,False,ACH-000662
False,False,False,False,ACH-002458
False,False,False,False,ACH-001378
False,False,False,False,ACH-001029
False,False,False,False,ACH-001817
False,False,False,False,ACH-002846
False,False,False,False,ACH-000248
False,False,False,False,ACH-000943
False,False,False,False,ACH-000751
False,True,False,False,ACH-001696
False,True,False,False,ACH-002936
False,False,False,False,ACH-001016
False,False,False,False,ACH-000282
False,False,False,False,ACH-003438
False,False,False,False,ACH-002215
False,False,False,False,ACH-000261
False,False,False,False,ACH-000164
False,False,False,False,ACH-001793
False,False,False,False,ACH-000262
False,False,False,False,ACH-000158
False,False,False,False,ACH-000773
False,False,False,False,ACH-000722
False,False,False,False,ACH-000857
False,False,False,False,ACH-001129
False,False,False,False,ACH-001619
False,False,False,False,ACH-000184
False,False,False,False,ACH-000329
False,False,False,False,ACH-001569
False,False,False,False,ACH-002544
False,False,False,False,ACH-002675
False,False,False,False,ACH-000814
False,False,False,False,ACH-002499
False,False,False,False,ACH-001493
False,False,False,False,ACH-001701
False,False,False,False,ACH-000197
True,False,False,False,ACH-000545
False,False,False,False,ACH-000949
False,False,False,False,ACH-000124
False,False,False,False,ACH-000560
False,False,False,False,ACH-000897
False,False,False,False,ACH-001626
False,False,False,False,ACH-000619
False,False,False,False,ACH-001973
False,False,False,False,ACH-001340
False,False,False,False,ACH-000546
False,False,False,False,ACH-001709
False,False,False,False,ACH-002018
False,False,False,False,ACH-000153
False,False,False,False,ACH-000526
False,False,False,False,ACH-000116
False,False,False,False,ACH-000815
False,False,False,False,ACH-001270
False,False,False,False,ACH-002523
False,False,False,False,ACH-000324
False,False,False,False,ACH-001949
False,False,False,False,ACH-001561
False,False,False,False,ACH-000842
False,False,False,False,ACH-000898
False,False,False,False,ACH-000517
False,False,False,False,ACH-001980
False,False,False,False,ACH-001415
False,False,False,False,ACH-000681
False,False,False,False,ACH-001310
False,False,False,False,ACH-000070
False,False,False,False,ACH-000484
False,False,False,False,ACH-003426
False,False,False,False,ACH-000108
False,False,False,False,ACH-000808
False,False,False,False,ACH-000656
False,False,False,False,ACH-000166
False,False,False,False,ACH-000997
False,False,False,False,ACH-000866
False,False,False,False,ACH-000819
False,False,False,False,ACH-000226
False,False,False,False,ACH-000087
False,False,False,False,ACH-000340
False,False,False,False,ACH-002005
False,True,False,False,ACH-001680
False,False,False,False,ACH-000758
False,False,False,False,ACH-000196
False,False,False,False,ACH-003141
False,False,False,False,ACH-000258
False,False,False,False,ACH-000163
False,False,False,False,ACH-000076
False,False,False,False,ACH-000509
False,False,False,False,ACH-001193
False,False,False,False,ACH-000571
False,False,False,False,ACH-000391
False,False,False,False,ACH-000293
False,False,False,False,ACH-003138
False,False,False,False,ACH-000532
False,False,False,False,ACH-000584
False,True,False,False,ACH-001690
False,False,False,False,ACH-000586
False,False,False,False,ACH-000944
False,False,False,False,ACH-003149
False,False,False,False,ACH-000561
False,False,False,False,ACH-001648
False,False,False,False,ACH-000394
False,False,False,False,ACH-000954
False,False,False,False,ACH-000204
False,False,False,False,ACH-000160
False,False,False,False,ACH-003460
False,False,False,False,ACH-000989
False,False,False,False,ACH-001347
True,False,False,False,ACH-000691
False,False,False,False,ACH-000268
False,True,False,False,ACH-001209
False,False,False,False,ACH-003456
False,False,False,False,ACH-000119
False,False,False,False,ACH-000379
True,False,False,False,ACH-001341
False,False,False,False,ACH-000714
False,False,False,False,ACH-000937
False,False,False,False,ACH-000763
False,False,False,False,ACH-002834
False,False,False,False,ACH-001673
False,False,False,False,ACH-000326
False,False,False,False,ACH-000300
False,True,False,False,ACH-002994
False,False,False,False,ACH-000901
True,False,False,False,ACH-000816
False,False,False,False,ACH-000641
False,False,False,False,ACH-000511
True,False,False,False,ACH-002077
False,False,False,False,ACH-000583
False,False,False,False,ACH-000836
False,False,False,False,ACH-000975
False,False,False,False,ACH-000109
False,False,False,False,ACH-000467
False,False,False,False,ACH-000712
True,False,False,False,ACH-000671
False,False,False,False,ACH-000523
True,False,False,False,ACH-000864
False,False,False,False,ACH-000726
False,False,False,False,ACH-000136
False,False,False,False,ACH-002067
False,False,False,False,ACH-000440
False,False,False,False,ACH-002539
False,True,False,False,ACH-001461
False,False,False,False,ACH-000890
False,False,False,False,ACH-001692
False,False,False,False,ACH-000027
False,False,False,False,ACH-000562
False,False,False,False,ACH-000748
False,False,False,False,ACH-001669
False,False,False,False,ACH-000834
False,False,False,False,ACH-000565
False,False,False,False,ACH-000449
False,True,False,False,ACH-000399
False,False,False,False,ACH-002080
False,False,False,False,ACH-000770
False,False,False,False,ACH-000710
False,False,False,False,ACH-000507
False,False,False,False,ACH-000066
False,False,False,False,ACH-000022
False,True,False,False,ACH-001668
False,False,False,False,ACH-000334
False,False,False,False,ACH-000374
False,False,False,False,ACH-000519
True,False,False,False,ACH-000908
False,False,False,False,ACH-002003
False,False,False,False,ACH-000574
False,False,False,False,ACH-000148
False,False,False,False,ACH-002461
False,True,False,False,ACH-000646
False,False,False,False,ACH-000314
False,False,False,False,ACH-001705
False,False,False,False,ACH-000040
True,False,False,False,ACH-001057
False,False,False,False,ACH-000430
False,False,False,False,ACH-001041
False,False,False,False,ACH-001988
False,False,False,False,ACH-001977
False,False,False,False,ACH-000370
False,False,False,False,ACH-001630
False,False,False,False,ACH-000437
False,False,False,False,ACH-000498
False,True,False,False,ACH-001392
False,False,False,False,ACH-000503
False,False,False,False,ACH-002778
False,False,False,False,ACH-000328
False,False,False,False,ACH-000403
False,False,False,False,ACH-000400
False,False,False,False,ACH-000224
False,False,False,False,ACH-000318
False,True,False,False,ACH-003472
False,False,False,False,ACH-001430
False,False,False,False,ACH-000928
False,False,False,False,ACH-000893
False,False,False,False,ACH-000889
False,False,False,False,ACH-000799
False,False,False,False,ACH-001623
False,False,False,False,ACH-000736
False,False,False,False,ACH-000876
False,False,False,False,ACH-001232
False,False,False,False,ACH-001618
False,True,False,False,ACH-001828
False,False,False,False,ACH-002650
False,False,False,False,ACH-000235
False,False,False,False,ACH-000381
False,False,False,False,ACH-001993
False,False,False,False,ACH-001301
False,False,False,False,ACH-000854
False,False,False,False,ACH-000187
False,False,False,False,ACH-000543
False,False,False,False,ACH-000569
False,False,False,False,ACH-000668
False,False,False,False,ACH-000134
False,False,False,False,ACH-000924
False,False,False,False,ACH-003473
False,True,False,False,ACH-001450
False,False,False,False,ACH-000296
False,False,False,False,ACH-002034
False,False,False,False,ACH-002781
False,False,False,False,ACH-000713
False,False,False,False,ACH-001360
True,False,False,False,ACH-002921
False,False,False,False,ACH-000273
False,False,False,False,ACH-001715
False,False,False,False,ACH-001617
True,False,False,False,ACH-000639
False,False,False,False,ACH-000590
False,False,False,False,ACH-000553
True,False,False,False,ACH-000084
False,False,False,False,ACH-000094
False,False,False,False,ACH-000361
False,False,False,False,ACH-000719
False,False,False,False,ACH-001396
False,False,False,False,ACH-001848
False,False,False,False,ACH-000339
False,False,False,False,ACH-002048
False,False,False,False,ACH-000218
False,False,False,False,ACH-002486
False,False,False,False,ACH-002711
True,False,False,False,ACH-000789
False,False,False,False,ACH-000413
False,False,False,False,ACH-000125
False,False,False,False,ACH-000180
False,False,False,False,ACH-000215
False,False,False,False,ACH-001001
False,False,False,False,ACH-000407
True,False,False,False,ACH-002170
False,False,False,False,ACH-002027
True,False,False,False,ACH-001132
False,False,False,False,ACH-001278
False,False,False,False,ACH-000032
False,False,False,False,ACH-003108
False,False,False,False,ACH-001419
False,False,False,False,ACH-000494
False,False,False,False,ACH-000865
False,False,False,False,ACH-000439
False,False,False,False,ACH-001523
False,False,False,False,ACH-001983
False,False,False,False,ACH-000024
False,False,False,False,ACH-000674
False,False,False,False,ACH-000670
False,False,False,False,ACH-000599
False,False,False,False,ACH-000263
False,False,False,False,ACH-003191
False,False,False,False,ACH-000303
False,False,False,False,ACH-001551
False,False,False,False,ACH-002795
False,False,False,False,ACH-000793
False,False,False,False,ACH-002511
False,False,False,False,ACH-000286
False,False,False,False,ACH-000250
False,False,False,False,ACH-000139
False,False,False,False,ACH-001735
False,False,False,False,ACH-002013
False,False,False,False,ACH-001389
False,False,False,False,ACH-001183
False,False,False,False,ACH-000551
False,True,False,False,ACH-003101
False,False,False,False,ACH-001163
False,False,False,False,ACH-000037
False,False,False,False,ACH-000744
False,False,False,False,ACH-000420
False,False,False,False,ACH-000336
False,False,False,False,ACH-000486
False,False,False,False,ACH-000679
False,False,False,False,ACH-001557
False,False,False,False,ACH-000247
False,False,False,False,ACH-000947
False,False,False,False,ACH-000807
False,False,False,False,ACH-000476
False,False,False,False,ACH-000525
False,False,False,False,ACH-003154
True,False,False,False,ACH-001148
False,False,False,False,ACH-003455
False,False,False,False,ACH-000853
False,False,False,False,ACH-000083
False,False,False,False,ACH-000479
False,False,False,False,ACH-000230
False,False,False,False,ACH-001664
False,False,False,False,ACH-002705
False,True,False,False,ACH-002937
False,False,False,False,ACH-000955
False,False,False,False,ACH-000049
False,False,False,False,ACH-000675
False,False,False,False,ACH-000199
False,False,False,False,ACH-000193
False,True,False,False,ACH-001686
False,False,False,False,ACH-000538
False,False,False,False,ACH-002490
False,False,False,False,ACH-001683
False,False,False,False,ACH-001990
False,False,False,False,ACH-001438
False,False,False,False,ACH-001647
False,False,False,False,ACH-002043
False,False,False,False,ACH-001649
False,False,False,False,ACH-000155
False,False,False,False,ACH-000270
False,True,False,False,ACH-003106
False,False,False,False,ACH-003177
False,False,False,False,ACH-000683
False,False,False,False,ACH-002017
False,False,False,False,ACH-000655
False,False,False,False,ACH-000145
False,False,False,False,ACH-001495
False,False,False,False,ACH-000188
False,False,False,False,ACH-003458
False,False,False,False,ACH-000080
False,False,False,False,ACH-000146
False,True,False,False,ACH-000415
False,False,False,False,ACH-001518
False,True,False,False,ACH-002290
False,False,False,False,ACH-000891
False,False,False,False,ACH-001625
False,False,False,False,ACH-001985
False,False,False,False,ACH-000895
False,False,False,False,ACH-000851
False,False,False,False,ACH-000824
True,False,False,False,ACH-000506
False,False,False,False,ACH-001427
False,False,False,False,ACH-000540
True,False,False,False,ACH-000061
False,False,False,False,ACH-000185
True,False,False,False,ACH-000568
False,False,False,False,ACH-000707
True,False,False,False,ACH-000603
False,False,False,False,ACH-000983
False,False,False,False,ACH-000541
False,False,False,False,ACH-000680
False,False,False,False,ACH-002460
True,False,False,False,ACH-000111
False,False,False,False,ACH-002463
False,False,False,False,ACH-000369
False,False,False,False,ACH-002928
False,False,False,False,ACH-000618
False,False,False,False,ACH-000470
False,False,False,False,ACH-003150
False,False,False,False,ACH-002039
False,False,False,False,ACH-000118
False,False,False,False,ACH-000614
False,False,False,False,ACH-001338
False,False,False,False,ACH-000432
False,False,False,False,ACH-000556
False,False,False,False,ACH-001804
False,False,False,False,ACH-001386
False,False,False,False,ACH-001060
False,False,False,False,ACH-001525
False,False,False,False,ACH-001539
False,False,False,False,ACH-000014
False,False,False,False,ACH-002785
False,False,False,False,ACH-000637
False,False,False,False,ACH-002693
False,False,False,False,ACH-001855
False,False,False,False,ACH-000455
False,False,False,False,ACH-000389
False,False,False,False,ACH-002710
False,False,False,False,ACH-000129
False,False,False,False,ACH-000490
False,False,False,False,ACH-000434
False,False,False,False,ACH-001086
False,False,False,False,ACH-002042
False,False,False,False,ACH-000597
False,False,False,False,ACH-000756
False,False,False,False,ACH-000396
False,False,False,False,ACH-003148
False,False,False,False,ACH-000089
False,True,False,False,ACH-002478
False,False,False,False,ACH-000371
False,False,False,False,ACH-000265
False,False,False,False,ACH-000132
False,False,False,False,ACH-000216
False,False,False,False,ACH-000613
False,False,False,False,ACH-000855
False,False,False,False,ACH-000906
False,False,False,False,ACH-000348
False,True,False,False,ACH-001100
False,False,False,False,ACH-000238
False,False,False,False,ACH-000237
False,False,False,False,ACH-003099
False,False,False,False,ACH-000393
False,True,False,False,ACH-003107
False,False,False,False,ACH-000623
False,False,False,False,ACH-000359
False,True,False,False,ACH-001028
False,False,False,False,ACH-000621
False,False,False,False,ACH-001641
False,False,False,False,ACH-000056
False,False,False,False,ACH-000483
False,False,False,False,ACH-003308
True,True,False,True,ACH-000514
False,False,False,False,ACH-000051
False,False,False,False,ACH-003433
False,False,False,False,ACH-000043
False,False,False,False,ACH-000936
False,False,False,False,ACH-000716
False,False,False,False,ACH-000988
False,False,False,False,ACH-000952
True,False,False,False,ACH-001350
False,False,False,False,ACH-000065
False,False,False,False,ACH-000609
False,False,False,False,ACH-001411
False,False,False,False,ACH-000504
False,True,False,False,ACH-002677
False,False,False,False,ACH-000956
False,False,False,False,ACH-001712
False,False,False,False,ACH-000652
False,False,False,False,ACH-000414
False,False,False,False,ACH-000472
False,False,False,False,ACH-000007
False,False,False,False,ACH-000446
False,False,False,False,ACH-003071
False,False,False,False,ACH-000386
False,False,False,False,ACH-001850
False,False,False,False,ACH-000755
False,True,False,False,ACH-001503
False,False,False,False,ACH-000028
False,False,False,False,ACH-000665
False,True,False,False,ACH-001679
False,False,False,False,ACH-000078
False,False,False,False,ACH-002046
False,False,False,False,ACH-000397
False,False,False,False,ACH-003145
False,False,False,False,ACH-000229
False,False,False,False,ACH-002925
False,False,False,False,ACH-000518
False,False,False,False,ACH-001566
False,False,False,False,ACH-000252
False,False,False,False,ACH-000572
False,False,False,False,ACH-001605
False,False,False,False,ACH-002522
False,False,False,False,ACH-000277
False,False,False,False,ACH-001239
False,False,False,False,ACH-000786
True,False,False,False,ACH-000803
False,False,False,False,ACH-001970
False,False,False,False,ACH-002038
False,False,False,False,ACH-000537
False,False,False,False,ACH-002660
False,False,False,False,ACH-002806
False,False,False,False,ACH-000419
False,False,False,False,ACH-002782
False,False,False,False,ACH-000724
False,False,False,False,ACH-000522
True,False,False,False,ACH-001549
False,False,False,False,ACH-000706
True,False,False,False,ACH-000737
False,False,False,False,ACH-000548
False,False,False,False,ACH-001839
False,False,False,False,ACH-001799
False,False,False,False,ACH-001573
False,False,False,False,ACH-002946
False,False,False,False,ACH-000425
False,True,False,False,ACH-003103
False,False,False,False,ACH-000375
False,False,False,False,ACH-000753
False,False,False,False,ACH-000275
False,False,False,False,ACH-000735
False,False,False,False,ACH-000654
False,False,False,False,ACH-001067
False,False,False,False,ACH-000170
False,False,False,False,ACH-001394
False,False,False,False,ACH-001433
False,False,False,False,ACH-000404
False,False,False,False,ACH-000882
False,False,False,False,ACH-001509
False,False,False,False,ACH-000210
False,False,False,False,ACH-000254
False,False,False,False,ACH-000604
False,False,False,False,ACH-000090
False,False,False,False,ACH-000195
False,True,False,False,ACH-001791
False,False,False,False,ACH-001650
False,False,False,False,ACH-000605
False,False,False,False,ACH-000458
False,False,False,False,ACH-003121
True,False,False,False,ACH-003125
False,False,False,False,ACH-002084
False,False,False,False,ACH-000004
False,False,False,False,ACH-000251
False,False,False,False,ACH-000241
False,False,False,False,ACH-001194
False,False,False,False,ACH-001987
False,True,False,False,ACH-002055
False,False,False,False,ACH-002689
False,False,False,False,ACH-001443
False,False,False,False,ACH-000688
False,False,False,False,ACH-000405
False,False,False,False,ACH-000821
False,False,False,False,ACH-001677
False,False,False,False,ACH-002526
False,False,False,False,ACH-001627
False,False,False,False,ACH-000951
False,False,False,False,ACH-001036
False,False,False,False,ACH-002792
False,False,False,False,ACH-000547
False,False,False,False,ACH-000826
False,False,False,False,ACH-001986
False,True,False,False,ACH-001147
False,False,False,False,ACH-002927
False,False,False,False,ACH-002470
False,False,False,False,ACH-000162
False,False,False,False,ACH-003139
False,False,False,False,ACH-001751
False,False,False,False,ACH-000018
False,False,False,False,ACH-000721
False,False,False,False,ACH-000003
False,False,False,False,ACH-000092
False,False,False,False,ACH-000669
True,False,False,False,ACH-001099
False,False,False,False,ACH-000648
False,False,False,False,ACH-000950
False,False,False,False,ACH-000050
False,False,False,False,ACH-001106
False,False,False,False,ACH-002051
False,False,False,False,ACH-000367
False,False,False,False,ACH-000589
False,False,False,False,ACH-000564
False,False,False,False,ACH-001522
False,False,False,False,ACH-000831
False,False,False,False,ACH-000424
False,False,False,False,ACH-000409
False,False,False,False,ACH-000616
False,False,False,False,ACH-000628
False,False,False,False,ACH-000512
False,False,False,False,ACH-000232
False,False,False,False,ACH-000820
False,False,False,False,ACH-001295
False,True,False,False,ACH-001164
False,False,False,False,ACH-000806
False,False,False,False,ACH-002524
False,False,False,False,ACH-000645
False,False,False,False,ACH-000099
False,False,False,False,ACH-000902
False,False,False,False,ACH-000649
False,False,False,False,ACH-000086
False,False,False,False,ACH-000149
False,False,False,False,ACH-002538
False,False,False,False,ACH-000142
False,False,False,False,ACH-002535
False,False,False,False,ACH-000227
False,False,False,False,ACH-000697
False,False,False,False,ACH-000942
False,False,False,False,ACH-000264
False,False,False,False,ACH-000809
False,False,False,False,ACH-000093
False,False,False,False,ACH-000100
False,True,False,False,ACH-001445
False,False,False,False,ACH-000060
False,False,False,False,ACH-000001
False,False,False,False,ACH-000957
False,False,False,False,ACH-000650
False,False,False,False,ACH-001096
False,False,False,False,ACH-002799
False,False,False,False,ACH-002404
False,False,False,False,ACH-000239
False,False,False,False,ACH-000762
False,False,False,False,ACH-000922
False,False,False,False,ACH-002784
False,True,False,False,ACH-002653
False,False,False,False,ACH-000859
False,False,False,False,ACH-000990
False,False,False,False,ACH-000410
False,False,False,False,ACH-001971
False,False,False,False,ACH-000927
False,False,False,False,ACH-001853
False,False,False,False,ACH-001978
False,False,False,False,ACH-000694
False,False,False,False,ACH-000935
False,False,False,False,ACH-000918
False,False,False,False,ACH-001984
False,False,False,False,ACH-000761
False,False,False,False,ACH-001563
False,False,False,False,ACH-000974
False,False,False,False,ACH-000297
False,False,False,False,ACH-001719
False,False,False,False,ACH-000243
False,False,False,False,ACH-001418
False,False,False,False,ACH-000362
False,False,False,False,ACH-000843
False,False,False,False,ACH-002052
False,False,False,False,ACH-000840
False,False,False,False,ACH-001852
False,False,False,False,ACH-001528
False,False,False,False,ACH-001656
False,False,False,False,ACH-000016
False,False,False,False,ACH-000165
False,False,False,False,ACH-001460
False,False,False,False,ACH-000592
False,False,False,False,ACH-001192
False,False,False,False,ACH-000045
False,False,False,False,ACH-000741
False,False,False,False,ACH-000912
False,False,False,False,ACH-000529
False,False,False,False,ACH-000508
False,False,False,False,ACH-000577
False,False,False,False,ACH-000768
False,False,False,False,ACH-000636
False,False,False,False,ACH-000667
False,False,False,False,ACH-000905
False,False,False,False,ACH-001494
False,False,False,False,ACH-000387
False,False,False,False,ACH-002510
False,False,False,False,ACH-001303
False,False,False,False,ACH-000026
False,False,False,False,ACH-000838
False,False,False,False,ACH-001172
False,False,False,False,ACH-000822
False,False,False,False,ACH-000531
False,False,False,False,ACH-000349
False,False,False,False,ACH-000527
False,False,False,False,ACH-000279
False,False,False,False,ACH-000516
False,True,False,False,ACH-001662
False,False,False,False,ACH-000812
False,False,False,False,ACH-003157
False,False,False,False,ACH-003464
False,False,False,False,ACH-001300
False,False,False,False,ACH-000524
False,False,False,False,ACH-000611
False,False,False,False,ACH-002419
False,False,False,False,ACH-000411
False,False,False,False,ACH-000718
False,False,False,False,ACH-000903
False,False,False,False,ACH-002021
False,False,False,False,ACH-000433
False,False,False,False,ACH-000499
False,False,False,False,ACH-000278
False,False,False,False,ACH-000202
False,False,False,False,ACH-001736
False,False,False,False,ACH-001379
False,False,False,False,ACH-002070
False,False,False,False,ACH-002794
False,False,False,False,ACH-000128
False,False,False,False,ACH-002528
False,False,False,False,ACH-000696
False,False,False,False,ACH-000041
False,False,False,False,ACH-000214
False,False,False,False,ACH-000747
False,False,False,False,ACH-001307
False,True,False,False,ACH-000341
False,False,False,False,ACH-001740
False,False,False,False,ACH-000417
False,False,False,False,ACH-001393
False,False,False,False,ACH-000120
False,False,False,False,ACH-001694
False,False,False,False,ACH-001542
False,False,False,False,ACH-002509
False,False,False,False,ACH-000438
False,False,False,False,ACH-001366
False,False,False,False,ACH-000653
False,False,False,False,ACH-000839
False,False,False,False,ACH-000673
False,False,False,False,ACH-001524
False,False,False,False,ACH-000069
False,False,False,False,ACH-002996
False,False,False,False,ACH-003142
False,False,False,False,ACH-000323
False,False,False,False,ACH-000021
False,False,False,False,ACH-001863
False,False,False,False,ACH-001996
True,False,False,False,ACH-000980
False,False,False,False,ACH-000106
False,False,False,False,ACH-003156
False,False,False,False,ACH-000734
False,False,False,False,ACH-000845
False,False,False,False,ACH-001982
False,False,False,False,ACH-000730
False,False,False,False,ACH-001334
True,False,False,False,ACH-000698
False,False,False,False,ACH-000802
False,False,False,False,ACH-001836
False,False,False,False,ACH-000573
False,False,False,False,ACH-001699
False,False,False,False,ACH-000963
False,False,False,False,ACH-001567
False,False,False,False,ACH-001653
False,False,False,False,ACH-000852
False,False,False,False,ACH-001862
False,False,False,False,ACH-001976
False,False,False,False,ACH-002665
False,False,False,False,ACH-003153
False,False,False,False,ACH-000661
False,False,False,False,ACH-001500
True,False,False,False,ACH-001190
False,False,False,False,ACH-002467
False,False,False,False,ACH-000364
False,False,False,False,ACH-000448
False,True,False,False,ACH-000979
False,False,False,False,ACH-000932
False,False,False,False,ACH-000783
False,False,False,False,ACH-002044
False,False,False,False,ACH-000301
False,False,False,False,ACH-002459
False,False,False,False,ACH-000976
False,False,False,False,ACH-001516
False,False,False,False,ACH-001354
False,False,False,False,ACH-001645
False,False,False,False,ACH-003135
False,False,False,False,ACH-000867
False,False,False,False,ACH-000304
False,False,False,False,ACH-002069
False,False,False,False,ACH-000931
False,False,False,False,ACH-001374
False,False,False,False,ACH-000302
False,False,False,False,ACH-000305
False,False,False,False,ACH-000072
False,False,False,False,ACH-000766
False,False,False,False,ACH-000533
False,False,False,False,ACH-000343
False,False,False,False,ACH-001437
False,False,False,False,ACH-000171
False,False,False,False,ACH-003475
False,False,False,False,ACH-000173
False,False,False,False,ACH-000535
False,False,False,False,ACH-000774
False,False,False,False,ACH-000178
False,False,False,False,ACH-001306
False,False,False,False,ACH-000994
False,False,False,False,ACH-001188
False,False,False,False,ACH-000372
False,False,False,False,ACH-002886
False,False,False,False,ACH-000804
False,False,False,False,ACH-000011
False,False,False,False,ACH-000733
False,False,False,False,ACH-001603
False,False,False,False,ACH-000829
False,False,False,False,ACH-000141
False,False,False,False,ACH-000810
False,False,False,False,ACH-001994
False,False,False,False,ACH-001145
False,False,False,False,ACH-000717
False,False,False,False,ACH-000738
False,False,False,False,ACH-001843
False,False,False,False,ACH-002664
True,False,False,False,ACH-000780
False,False,False,False,ACH-001548
False,False,False,False,ACH-000759
False,False,False,False,ACH-001555
False,False,False,False,ACH-001369
False,False,False,False,ACH-000969
False,False,False,False,ACH-000873
False,False,False,False,ACH-001275
False,False,False,False,ACH-002654
False,False,False,False,ACH-002435
False,False,False,False,ACH-001972
False,False,False,False,ACH-000921
False,True,False,False,ACH-003470
False,False,False,False,ACH-001953
False,False,False,False,ACH-002843
False,False,False,False,ACH-001373
False,False,False,False,ACH-002800
False,False,False,False,ACH-001022
False,False,False,False,ACH-000082
False,False,False,False,ACH-003105
False,False,False,False,ACH-000488
True,False,False,False,ACH-000790
False,False,False,False,ACH-000172
False,False,False,False,ACH-000647
False,False,False,False,ACH-000602
False,False,False,False,ACH-003181
False,False,False,False,ACH-002681
False,False,False,False,ACH-001465
False,False,False,False,ACH-003012
False,False,False,False,ACH-000156
False,False,False,False,ACH-002001
False,False,False,False,ACH-000315
False,False,False,False,ACH-001678
False,False,False,False,ACH-002446
False,False,False,False,ACH-000201
False,False,False,False,ACH-000435
False,False,False,False,ACH-000965
False,False,False,False,ACH-001550
False,False,False,False,ACH-002026
False,False,False,False,ACH-000883
False,False,False,False,ACH-000482
False,False,False,False,ACH-000450
False,False,False,False,ACH-002672
False,False,False,False,ACH-000835
False,False,False,False,ACH-002431
False,False,False,False,ACH-001802
False,False,False,False,ACH-000629
False,False,False,False,ACH-000715
True,True,False,True,ACH-000870
False,False,False,False,ACH-000910
False,False,False,False,ACH-000779
True,False,False,False,ACH-000140
False,False,False,False,ACH-001196
False,False,False,False,ACH-001484
False,False,False,False,ACH-000693
False,False,False,False,ACH-000811
False,False,False,False,ACH-000423
False,False,False,False,ACH-000290
True,False,False,False,ACH-001847
False,False,False,False,ACH-000492
False,False,False,False,ACH-001519
True,False,False,False,ACH-000110
False,False,False,False,ACH-001497
False,False,False,False,ACH-000102
True,False,False,False,ACH-000817
False,False,False,False,ACH-001556
False,False,False,False,ACH-000964
False,False,False,False,ACH-000378
False,False,False,False,ACH-000913
False,False,False,False,ACH-000575
False,False,False,False,ACH-000634
False,False,False,False,ACH-002291
False,False,False,False,ACH-001322
False,False,False,False,ACH-002924
False,False,False,False,ACH-000767
True,True,False,True,ACH-001642
False,False,False,False,ACH-001552
False,False,False,False,ACH-000451
False,False,False,False,ACH-000879
False,False,False,False,ACH-001842
False,False,False,False,ACH-002662
False,False,False,False,ACH-001032
False,False,False,False,ACH-000982
False,True,False,False,ACH-001636
False,False,False,False,ACH-000189
False,False,False,False,ACH-000454
False,False,False,False,ACH-000131
False,False,False,False,ACH-000660
False,False,False,False,ACH-001197
False,False,False,False,ACH-000915
True,False,False,False,ACH-000480
False,False,False,False,ACH-000745
False,False,False,False,ACH-000161
False,False,False,False,ACH-000395
False,False,False,False,ACH-001459
False,False,False,False,ACH-000916
False,False,False,False,ACH-001609
True,False,False,False,ACH-001960
False,False,False,False,ACH-002648
False,False,False,False,ACH-001856
False,False,False,False,ACH-003158
False,False,False,False,ACH-002433
False,False,False,False,ACH-000295
False,False,False,False,ACH-001485
False,False,False,False,ACH-003269
False,False,False,False,ACH-000292
False,False,False,False,ACH-000137
False,False,False,False,ACH-000308
False,False,False,False,ACH-000445
False,False,False,False,ACH-001229
False,False,False,False,ACH-000144
False,False,False,False,ACH-000837
False,False,False,False,ACH-000048
False,False,False,False,ACH-000463
False,False,False,False,ACH-000881
False,False,False,False,ACH-000388
False,False,False,False,ACH-001992
False,False,False,False,ACH-000147
False,False,False,False,ACH-000930
False,False,False,False,ACH-000899
False,False,False,False,ACH-000366
True,False,False,False,ACH-001571
False,False,False,False,ACH-001526
False,False,False,False,ACH-000064
False,False,False,False,ACH-001329
False,False,False,False,ACH-001676
True,False,False,False,ACH-000418
False,False,False,False,ACH-001280
False,False,False,False,ACH-002922
False,False,False,False,ACH-000861
False,False,False,False,ACH-000692
False,False,False,False,ACH-003137
False,False,False,False,ACH-000107
False,False,False,False,ACH-000133
False,False,False,False,ACH-000306
False,False,False,False,ACH-001530
False,False,False,False,ACH-000651
False,False,False,False,ACH-000563
False,False,False,False,ACH-000058
False,False,False,False,ACH-000345
False,False,False,False,ACH-000316
False,False,False,False,ACH-000884
False,False,False,False,ACH-000289
False,False,False,False,ACH-001451
False,False,False,False,ACH-003459
False,True,False,False,ACH-002440
False,False,False,False,ACH-000355
False,False,False,False,ACH-002926
False,False,False,False,ACH-000962
False,False,False,False,ACH-000473
True,False,False,False,ACH-000192
False,False,False,False,ACH-001624
False,False,False,False,ACH-001989
False,False,False,False,ACH-001807
False,False,False,False,ACH-002532
False,False,False,False,ACH-002466
False,False,False,False,ACH-001344
False,False,False,False,ACH-001684
False,False,False,False,ACH-000757
False,False,False,False,ACH-000054
False,False,False,False,ACH-001318
False,False,False,False,ACH-000601
False,False,False,False,ACH-000635
False,False,False,False,ACH-001857
False,False,False,False,ACH-000966
False,False,False,False,ACH-000630
False,False,False,False,ACH-000225
False,False,False,False,ACH-002047
False,False,False,False,ACH-000657
False,False,False,False,ACH-000624
False,False,False,False,ACH-000699
False,False,False,False,ACH-000923
False,False,False,False,ACH-000687
True,False,False,False,ACH-000044
False,False,False,False,ACH-000740
False,False,False,False,ACH-000447
False,False,False,False,ACH-000101
False,False,False,False,ACH-001416
False,False,False,False,ACH-000319
False,False,False,False,ACH-000198
False,False,False,False,ACH-000280
True,False,False,False,ACH-003265
False,False,False,False,ACH-000104
False,False,False,False,ACH-001835
False,False,False,False,ACH-000892
False,False,False,False,ACH-000493
False,False,False,False,ACH-000042
False,False,False,False,ACH-002045
False,False,False,False,ACH-000221
False,False,False,False,ACH-000477
True,False,False,False,ACH-000746
False,False,False,False,ACH-000356
False,False,False,False,ACH-000457
True,True,False,True,ACH-000904
False,True,False,False,ACH-002060
False,False,False,False,ACH-003159
False,False,False,False,ACH-001813
False,False,False,False,ACH-000244
True,False,False,False,ACH-000610
False,False,False,False,ACH-000081
False,False,False,False,ACH-003161
False,False,False,False,ACH-000255
False,False,False,False,ACH-001038
False,False,False,False,ACH-000352
False,False,False,False,ACH-002016
False,False,False,False,ACH-000416
False,False,False,False,ACH-000752
False,False,False,False,ACH-000862
False,False,False,False,ACH-000236
False,False,False,False,ACH-000401
False,False,False,False,ACH-000731
False,False,False,False,ACH-000875
True,False,False,False,ACH-000626
False,False,False,False,ACH-000593
False,False,False,False,ACH-000182
False,False,False,False,ACH-000442
False,False,False,False,ACH-000159
False,False,False,False,ACH-000907
False,False,False,False,ACH-000191
False,False,False,False,ACH-000205
False,False,False,False,ACH-000103
True,False,False,False,ACH-000739
False,False,False,False,ACH-001558
False,False,False,False,ACH-000206
False,False,False,False,ACH-000841
False,False,False,False,ACH-000615
False,False,False,False,ACH-001613
False,False,False,False,ACH-001608
False,False,False,False,ACH-000801
False,False,False,False,ACH-000539
False,False,False,False,ACH-000464
False,False,False,False,ACH-000622
False,False,False,False,ACH-000452
False,False,False,False,ACH-001390
False,False,False,False,ACH-001401
False,False,False,False,ACH-000365
False,False,False,False,ACH-001431
False,False,False,False,ACH-000475
False,False,False,False,ACH-000860
False,False,False,False,ACH-000074
False,False,False,False,ACH-000377
False,False,False,False,ACH-001562
False,False,False,False,ACH-001693
False,False,False,False,ACH-003134
False,False,False,False,ACH-000259
False,False,False,False,ACH-001697
False,False,False,False,ACH-002801
False,True,False,False,ACH-001388
False,False,False,False,ACH-001410
False,False,False,False,ACH-002025
False,False,False,False,ACH-002688
False,False,False,False,ACH-000720
False,False,False,False,ACH-000095
False,False,False,False,ACH-001345
False,False,False,False,ACH-000558
False,False,False,False,ACH-000664
False,False,False,False,ACH-000177
False,False,False,False,ACH-001423
False,False,False,False,ACH-000335
False,False,False,False,ACH-000940
False,False,False,False,ACH-003160
False,False,False,False,ACH-000631
False,False,False,False,ACH-000207
False,False,False,False,ACH-000764
False,False,False,False,ACH-000995
False,False,False,False,ACH-000373
False,False,False,False,ACH-000953
False,False,False,False,ACH-000709
False,False,False,False,ACH-003463
False,False,False,False,ACH-000846
False,False,False,False,ACH-001702
False,False,False,False,ACH-000333
False,False,False,False,ACH-001708
False,False,False,False,ACH-002059
False,False,False,False,ACH-000929
False,True,False,False,ACH-001395
False,False,False,False,ACH-000948
False,False,False,False,ACH-002015
False,False,False,False,ACH-000981
False,False,False,False,ACH-000617
False,False,False,False,ACH-000311
False,False,False,False,ACH-001210
False,False,False,False,ACH-001834
False,False,False,False,ACH-002010
False,False,False,False,ACH-003143
False,False,False,False,ACH-000390
False,False,False,False,ACH-000468
False,False,False,False,ACH-002651
False,False,False,False,ACH-001061
False,False,False,False,ACH-000077
False,False,False,False,ACH-000456
False,False,False,False,ACH-002703
False,False,False,False,ACH-000496
False,False,False,False,ACH-002512
False,False,False,False,ACH-000062
False,False,False,False,ACH-002464
False,False,False,False,ACH-000088
False,False,False,False,ACH-000536
False,False,False,False,ACH-000071
False,False,False,False,ACH-002004
False,False,False,False,ACH-000878
False,False,False,False,ACH-001380
False,False,False,False,ACH-002061
False,False,False,False,ACH-000385
False,False,False,False,ACH-000412
False,True,False,False,ACH-003474
False,False,False,False,ACH-000427
False,False,False,False,ACH-000938
False,False,False,False,ACH-000462
False,False,False,False,ACH-000939
False,False,False,False,ACH-000325
True,False,False,False,ACH-000515
True,False,False,False,ACH-001033
False,False,False,False,ACH-000919
False,False,False,False,ACH-000863
False,False,False,False,ACH-000642
False,False,False,False,ACH-000581
False,False,False,False,ACH-001435
False,False,False,False,ACH-001050
False,False,False,False,ACH-001818
False,False,False,False,ACH-001384
False,False,False,False,ACH-000797
False,False,False,False,ACH-000220
False,False,False,False,ACH-001533
False,False,False,False,ACH-001508
False,False,False,False,ACH-000827
False,False,False,False,ACH-003119
False,False,False,False,ACH-000961
False,False,False,False,ACH-000778
False,False,False,False,ACH-000825
False,False,False,False,ACH-000743
False,False,False,False,ACH-000190
True,False,False,False,ACH-001819
False,False,False,False,ACH-000157
False,False,False,False,ACH-001786
False,False,False,False,ACH-000253
False,False,False,False,ACH-001376
True,False,False,False,ACH-000958
False,False,False,False,ACH-000228
False,False,False,False,ACH-000266
False,False,False,False,ACH-001750
False,False,False,False,ACH-000174
False,False,False,False,ACH-000245
False,False,False,False,ACH-001279
False,False,False,False,ACH-000620
False,False,False,False,ACH-000813
False,False,False,False,ACH-001513
False,False,False,False,ACH-000168
False,False,False,False,ACH-000257
False,False,False,False,ACH-000211
False,False,False,False,ACH-000283
False,False,False,False,ACH-002401
False,False,False,False,ACH-002041
False,False,False,False,ACH-000987
False,False,False,False,ACH-003465
False,False,False,False,ACH-000682
False,False,False,False,ACH-000073
False,False,False,False,ACH-000212
False,False,False,False,ACH-000096
False,False,False,False,ACH-002500
False,False,False,False,ACH-001440
False,False,False,False,ACH-000063
False,False,False,False,ACH-002942
False,False,False,False,ACH-001999
False,False,False,False,ACH-000776
False,False,False,False,ACH-000521
False,False,False,False,ACH-000299
False,False,False,False,ACH-000025
False,False,False,False,ACH-000591
False,False,False,False,ACH-001716
False,False,False,False,ACH-000833
False,False,False,False,ACH-001628
False,False,False,False,ACH-000398
False,False,False,False,ACH-000274
False,False,False,False,ACH-001370
False,False,False,False,ACH-001700
False,False,False,False,ACH-000029
False,True,False,False,ACH-001849
False,False,False,False,ACH-000644
False,False,False,False,ACH-001422
False,False,False,False,ACH-000588
False,False,False,False,ACH-000849
False,False,False,False,ACH-002690
False,False,False,False,ACH-000219
False,False,False,False,ACH-000150
False,False,False,False,ACH-001845
False,True,False,False,ACH-002643
False,False,False,False,ACH-000384
False,False,False,False,ACH-001053
False,False,False,False,ACH-001274
False,False,False,False,ACH-000091
False,False,False,False,ACH-002932
False,False,False,False,ACH-002014
False,True,False,False,ACH-001634
False,False,False,False,ACH-002531
False,False,False,False,ACH-000495
False,False,False,False,ACH-000911
False,False,False,False,ACH-000013
False,False,False,False,ACH-002667
False,False,False,False,ACH-000777
False,False,False,False,ACH-001765
False,False,False,False,ACH-000312
False,False,False,False,ACH-000085
False,False,False,False,ACH-000436
False,False,False,False,ACH-000869
False,False,False,False,ACH-003061
False,False,False,False,ACH-003471
True,False,False,False,ACH-000267
False,False,False,False,ACH-000489
False,False,False,False,ACH-000431
False,False,False,False,ACH-000152
False,False,False,False,ACH-000909
False,False,False,False,ACH-000534
False,False,False,False,ACH-001489
False,False,False,False,ACH-000582
False,False,False,False,ACH-000460
False,False,False,False,ACH-000443
False,False,False,False,ACH-001570
False,False,False,False,ACH-000986
False,False,False,False,ACH-001335
False,False,False,False,ACH-000023
False,False,False,False,ACH-002062
False,False,False,False,ACH-002462
False,False,False,False,ACH-000151
False,False,False,False,ACH-001277
True,False,False,False,ACH-000607
False,False,False,False,ACH-002647
False,True,False,False,ACH-000703
False,False,False,False,ACH-001211
False,False,False,False,ACH-003152
False,False,False,False,ACH-001511
False,False,False,False,ACH-000113
False,False,False,False,ACH-000337
False,False,False,False,ACH-000598
False,False,False,False,ACH-000057
False,False,False,False,ACH-000281
False,False,False,False,ACH-000321
False,False,False,False,ACH-000985
False,False,False,False,ACH-000444
False,False,False,False,ACH-000347
False,False,False,False,ACH-001399
False,True,False,False,ACH-001097
False,False,False,False,ACH-000127
False,False,False,False,ACH-001961
False,False,False,False,ACH-001796
False,False,False,False,ACH-000307
False,False,False,False,ACH-001030
False,False,False,False,ACH-002485
False,False,False,False,ACH-000595
False,True,False,False,ACH-001540
True,False,False,False,ACH-000298
False,True,False,False,ACH-000771
False,False,False,False,ACH-000500
False,False,False,False,ACH-000353
False,False,False,False,ACH-000363
False,False,False,False,ACH-000350
False,False,False,False,ACH-000053
False,False,False,False,ACH-001543
False,False,False,False,ACH-000663
False,False,False,False,ACH-000346
False,False,False,False,ACH-000970
False,False,False,False,ACH-002543
False,False,False,False,ACH-001333
False,False,False,False,ACH-000794
False,False,False,False,ACH-000039
False,False,False,False,ACH-000471
False,False,False,False,ACH-000850
True,False,False,False,ACH-000291
False,False,False,False,ACH-001453
False,False,False,False,ACH-001458
False,False,False,False,ACH-000886
False,False,False,False,ACH-000888
False,False,False,False,ACH-000659
False,False,False,False,ACH-000030
False,False,False,False,ACH-001201
False,False,False,False,ACH-000271
False,False,False,False,ACH-002676
False,False,False,False,ACH-000549
False,False,False,False,ACH-000555
False,False,False,False,ACH-000478
False,False,False,False,ACH-000775
False,False,False,False,ACH-002214
False,False,False,False,ACH-000038
False,False,False,False,ACH-001109
False,False,False,False,ACH-001442
False,False,False,False,ACH-000559
False,False,False,False,ACH-000510
False,False,False,False,ACH-002065
False,False,False,False,ACH-000676
False,False,False,False,ACH-002659
True,False,False,False,ACH-000844
False,False,False,False,ACH-002403
False,False,False,False,ACH-002787
True,False,False,False,ACH-002497
False,False,False,False,ACH-002798
False,False,False,False,ACH-000925
False,False,False,False,ACH-002465
False,False,False,False,ACH-000272
False,False,False,False,ACH-001035
False,False,False,False,ACH-003457
False,False,False,False,ACH-000513
True,False,False,False,ACH-001059
False,False,False,False,ACH-000959
False,False,False,False,ACH-002283
False,False,False,False,ACH-000169
False,False,False,False,ACH-001402
False,False,False,False,ACH-000796
True,False,False,False,ACH-000143
False,False,False,False,ACH-000067
False,False,False,False,ACH-000640
False,False,False,False,ACH-001591
False,False,False,False,ACH-001674
False,True,False,False,ACH-001698
False,False,False,False,ACH-002002
False,False,False,False,ACH-002011
False,False,False,False,ACH-003268
False,False,False,False,ACH-000967
False,False,False,False,ACH-000469
False,False,False,False,ACH-001353
False,True,False,False,ACH-001574
True,False,False,False,ACH-000097
False,False,False,False,ACH-000256
False,False,False,False,ACH-000977
False,False,False,False,ACH-000972
False,False,False,False,ACH-001367
False,True,False,False,ACH-000382
False,True,False,False,ACH-003476
False,False,False,False,ACH-000579
False,False,False,False,ACH-002035
False,False,False,False,ACH-001532
False,False,False,False,ACH-000695
False,False,False,False,ACH-001795
False,True,False,False,ACH-001510
False,False,False,False,ACH-000502
True,False,False,False,ACH-000183
False,False,False,False,ACH-000408
False,False,False,False,ACH-001496
False,False,False,False,ACH-000788
False,False,False,False,ACH-002405
False,False,False,False,ACH-002409
False,False,False,False,ACH-001622
False,False,False,False,ACH-000466
False,False,False,False,ACH-001560
False,False,False,False,ACH-001019
False,False,False,False,ACH-003111
False,False,False,False,ACH-000005
False,True,False,False,ACH-001687
False,False,False,False,ACH-001151
False,False,False,False,ACH-000701
False,False,False,False,ACH-000542
False,False,False,False,ACH-000126
False,False,False,False,ACH-001685
False,False,False,False,ACH-000933
False,False,False,False,ACH-000068
False,False,False,False,ACH-000015
False,False,False,False,ACH-001111
False,False,False,False,ACH-000487
False,False,False,False,ACH-000122
False,False,False,False,ACH-000288
False,False,False,False,ACH-001820
False,False,False,False,ACH-000782
False,True,False,False,ACH-001632
False,False,False,False,ACH-002399
False,False,False,False,ACH-000357
False,False,False,False,ACH-000079
False,False,False,False,ACH-001031
False,False,False,False,ACH-001064
False,False,False,False,ACH-002802
False,False,False,False,ACH-001048
True,False,False,False,ACH-000453
False,False,False,False,ACH-003155
False,False,False,False,ACH-000791
False,False,False,False,ACH-000567
False,False,False,False,ACH-001391
False,False,False,False,ACH-001075
False,False,False,False,ACH-000105
False,False,False,False,ACH-000557
False,False,False,False,ACH-000175
False,False,False,False,ACH-001356
False,False,False,False,ACH-001844
False,False,False,False,ACH-001346
False,False,False,False,ACH-000885
False,False,False,False,ACH-000900
False,False,False,False,ACH-000666
False,False,False,False,ACH-001428
False,False,False,False,ACH-000217
False,False,False,False,ACH-000872
True,False,False,False,ACH-001974
False,False,False,False,ACH-002020
False,False,False,False,ACH-001638
False,False,False,False,ACH-001228
False,False,False,False,ACH-000181
True,False,False,False,ACH-000115
False,False,False,False,ACH-000130
False,False,False,False,ACH-000121
False,False,False,False,ACH-001711
False,False,False,False,ACH-000934
False,False,False,False,ACH-000996
False,False,False,False,ACH-001529
False,False,False,False,ACH-001743
False,False,False,False,ACH-000320
False,False,False,False,ACH-000505
False,False,False,False,ACH-000781
False,False,False,False,ACH-000059
True,False,False,False,ACH-000920
False,False,False,False,ACH-000294
False,False,False,False,ACH-000422
False,False,False,False,ACH-000200
False,False,False,False,ACH-000046
False,False,False,False,ACH-000968
False,False,False,False,ACH-000830
False,False,False,False,ACH-000114
False,False,False,False,ACH-000402
False,False,False,False,ACH-001578
False,False,False,False,ACH-000036
False,False,False,False,ACH-000973
True,False,False,False,ACH-001128
False,False,False,False,ACH-003437
False,False,False,False,ACH-000750
False,False,False,False,ACH-000285
False,False,False,False,ACH-002669
False,False,False,False,ACH-001858
False,False,False,False,ACH-001997
False,False,False,False,ACH-000052
